{"100k": {"ball_in_cup_catch": [909.0, 737.1, 545.9, 905.5, 891.0], "cartpole_swingup": [739.5112397174953, 867.4907645376286, 777.0586026108606, 773.1138027120536, 775.7843233447378], "cheetah_run": [420.0044484023936, 496.6477584619526, 365.1746907332214, 536.1462271773896, 294.7803823084752], "finger_spin": [53.1, 763.2, 72.4, 865.0, 276.0], "reacher_easy": [242.6, 378.6, 525.6, 402.8, 315.8], "walker_walk": [487.64363690926695, 497.62510734021197, 546.0190600012895, 492.7088261581026, 641.399987651268]}, "500k": {"ball_in_cup_catch": [961.5, 956.1, 947.5, 954.6, 957.0], "cartpole_swingup": [873.9480969610877, 881.7414718239537, 877.5437148486715, 877.8622371878258, 865.8311011009628], "cheetah_run": [839.1382939569187, 866.6210505526091, 697.8358981087804, 787.0775454852089, 758.8213417481631], "finger_spin": [810.3, 787.5, 752.4, 965.4, 650.7], "reacher_easy": [671.8, 971.3, 963.9, 946.5, 780.2], "walker_walk": [959.0412164511624, 949.8815995748621, 937.6323775622062, 974.2869910080451, 960.2631997128483]}}