{"100k": {"cheetah_run": [571.0784301757812, 467.81427001953125, 598.9315185546875, 541.3739624023438, 543.9493408203125, 525.9442749023438, 517.3880615234375, 585.4877319335938, 523.5802001953125, 605.2828369140625, 514.5899658203125, 525.7813110351562, 500.5067443847656, 396.819580078125, 587.1260375976562, 504.0814514160156, 500.8482360839844, 627.9619750976562, 487.2779846191406, 596.3306884765625, 549.8982543945312], "ball_in_cup_catch": [978.0999755859375, 960.2000122070312, 974.7999877929688, 975.5999755859375, 964.5, 965.4000244140625, 199.1999969482422, 978.5999755859375, 970.5, 973.4000244140625, 964.7999877929688, 976.0999755859375, 968.5, 969.4000244140625, 970.5999755859375, 961.5999755859375, 972.2999877929688, 968.0999755859375, 956.7000122070312, 951.5, 960.5999755859375, 965.0, 962.5], "finger_spin": [658.7000122070312, 981.7999877929688, 826.9000244140625, 825.7999877929688, 974.0999755859375, 626.5, 848.2999877929688, 985.2000122070312, 845.5, 976.7999877929688, 839.2000122070312, 828.4000244140625, 774.0, 845.7999877929688, 985.2000122070312, 931.7000122070312, 863.5, 813.5999755859375, 708.9000244140625], "walker_walk": [784.2907104492188, 943.1255493164062, 479.8551330566406, 333.2980041503906, 659.874267578125, 826.9317016601562, 578.5079956054688, 717.0103149414062, 881.3406982421875, 602.8184204101562, 838.6630249023438, 900.8284912109375, 893.2724609375, 772.4166259765625, 847.1888427734375, 752.365234375, 620.2769775390625, 786.3491821289062, 861.7119750976562, 873.0107421875, 653.200439453125], "cartpole_swingup": [857.9318237304688, 874.5074462890625, 879.4033203125, 876.399169921875, 877.140869140625, 869.416748046875, 879.360595703125, 877.4415893554688, 874.6644897460938, 879.3016967773438, 873.4641723632812, 877.79443359375, 859.5458984375, 859.8295288085938, 861.5886840820312, 880.5315551757812, 879.5150146484375, 842.7539672851562, 880.7772216796875], "reacher_easy": [976.2000122070312, 883.2999877929688, 877.7000122070312, 978.5, 970.7999877929688, 980.0999755859375, 974.0, 972.9000244140625, 881.9000244140625, 974.7000122070312, 976.5999755859375, 982.9000244140625, 980.0999755859375, 878.4000244140625, 883.7999877929688, 979.0, 980.9000244140625, 980.2999877929688, 978.5, 982.7999877929688]}, "500k": {"cheetah_run": [814.5540771484375, 816.0625, 802.293212890625, 814.0001831054688, 799.287841796875, 807.9136962890625, 743.5106811523438, 857.7012939453125, 805.9227905273438, 790.8780517578125, 745.8355102539062, 782.1824951171875, 809.1578979492188, 741.4786987304688, 861.7607421875, 821.8088989257812, 769.0257568359375, 873.2378540039062, 752.53857421875, 766.8062133789062, 751.42236328125], "ball_in_cup_catch": [986.0999755859375, 981.2999877929688, 982.0, 981.5999755859375, 971.7999877929688, 989.7000122070312, 390.8999938964844, 980.5999755859375, 982.4000244140625, 981.9000244140625, 980.0, 985.5, 980.5, 984.0, 979.9000244140625, 982.9000244140625, 981.4000244140625, 983.2999877929688, 977.0999755859375, 972.5, 986.5999755859375, 980.5, 982.4000244140625], "finger_spin": [659.7999877929688, 987.4000244140625, 984.0999755859375, 986.0999755859375, 987.9000244140625, 658.7999877929688, 915.4000244140625, 985.2000122070312, 981.2999877929688, 986.0999755859375, 986.5999755859375, 985.5999755859375, 983.7999877929688, 940.4000244140625, 986.5999755859375, 985.0999755859375, 986.5999755859375, 985.2999877929688, 987.9000244140625], "walker_walk": [964.7357788085938, 960.6597900390625, 965.7700805664062, 954.6265258789062, 965.7902221679688, 963.800537109375, 967.4130249023438, 969.1629638671875, 967.018798828125, 965.4688110351562, 970.5289306640625, 967.5726928710938, 964.9086303710938, 966.41015625, 960.93310546875, 960.4940795898438, 749.0157470703125, 968.838134765625, 966.8314819335938, 963.8803100585938, 967.92236328125], "cartpole_swingup": [862.1282348632812, 881.5405883789062, 881.1078491210938, 880.6035766601562, 880.8443603515625, 877.7825927734375, 881.2770385742188, 880.313232421875, 880.7376708984375, 880.5054931640625, 880.6286010742188, 881.2929077148438, 863.3056030273438, 861.7386474609375, 861.5886840820312, 880.7886962890625, 881.1329956054688, 864.63330078125, 881.37939453125], "reacher_easy": [984.0, 984.0, 990.4000244140625, 983.2000122070312, 988.7000122070312, 986.0999755859375, 984.0, 982.2999877929688, 983.9000244140625, 986.0, 985.2999877929688, 983.7999877929688, 985.2999877929688, 983.7999877929688, 983.0, 982.5999755859375, 985.9000244140625, 982.5, 983.4000244140625, 984.7000122070312]}}