{"100k": {"finger_spin": [929.7, 941.3, 984.9, 982.1, 922.7, 968.7, 656.1, 941.7, 775.5, 911.4], "cartpole_swingup": [791.3018408958455, 684.7138776615598, 655.3569605844208, 828.2140847605832, 850.5044161208618, 762.918203383674, 834.5673806774248, 572.004396062986, 781.5261181181587, 832.5562320456752], "reacher_easy": [581.5, 493.5, 736.1, 783.0, 398.5, 869.3, 197.3, 765.0, 590.0, 590.0], "cheetah_run": [396.45457596655365, 313.31534735544085, 348.6440996954701, 443.1875302089331, 237.41102798297345, 409.42370608370004, 301.29196378751516, 307.39878784589973, 443.1875302089331, 409.42370608370004], "walker_walk": [809.5465661358372, 486.68770727184545, 703.8367040675298, 407.8958086261172, 510.7974372242337, 494.2838716446793, 782.4373371672496, 823.0829108711374, 494.08836281923317, 823.0829108711374], "ball_in_cup_catch": [940.0, 961.7, 956.2, 780.0, 908.7, 944.0, 910.9, 871.8, 926.0, 938.7]}, "500k": {"finger_spin": [985.1, 886.4, 981.9, 976.9, 978.1, 971.8, 657.4, 984.6, 984.6, 980.9], "cartpole_swingup": [877.9788022169266, 875.8734329786612, 874.3622292567712, 848.4265938564374, 861.557831543981, 859.9160875488768, 876.1034126609945, 877.0230891809163, 858.9556020356281, 877.8974884913208], "reacher_easy": [976.9, 975.6, 982.1, 977.0, 968.9, 880.9, 974.7, 771.5, 973.2, 973.2], "cheetah_run": [700.3029289038983, 531.8006771723052, 504.53728060872703, 776.2359374998388, 669.9745442061783, 741.9511671512266, 644.4244415501778, 711.7408610863098, 776.2359374998388, 741.9511671512266], "walker_walk": [960.8128448623296, 869.6527292080577, 915.7567351451653, 941.6687865200928, 825.7182417658381, 949.0955302846208, 955.6836074263452, 943.4615427581293, 936.1472549296301, 943.4615427581293], "ball_in_cup_catch": [973.9, 946.5, 963.6, 957.6, 967.4, 966.7, 975.3, 957.9, 956.1, 974.4]}}