{"100k": {"ball_in_cup_catch": [978.0999755859375, 960.2000122070312, 974.7999877929688, 975.5999755859375, 964.5], "cartpole_swingup": [857.9318237304688, 874.5074462890625, 879.4033203125, 876.399169921875, 877.140869140625], "cheetah_run": [571.0784301757812, 467.81427001953125, 598.9315185546875, 541.3739624023438, 543.9493408203125], "finger_spin": [658.7000122070312, 981.7999877929688, 826.9000244140625, 825.7999877929688, 974.0999755859375], "reacher_easy": [976.2000122070312, 883.2999877929688, 877.7000122070312, 978.5, 970.7999877929688], "walker_walk": [784.2907104492188, 943.1255493164062, 479.8551330566406, 333.2980041503906, 659.874267578125]}, "500k": {"ball_in_cup_catch": [986.0999755859375, 981.2999877929688, 982.0, 981.5999755859375, 971.7999877929688], "cartpole_swingup": [862.1282348632812, 881.5405883789062, 881.1078491210938, 880.6035766601562, 880.8443603515625], "cheetah_run": [814.5540771484375, 816.0625, 802.293212890625, 814.0001831054688, 799.287841796875], "finger_spin": [659.7999877929688, 987.4000244140625, 984.0999755859375, 986.0999755859375, 987.9000244140625], "reacher_easy": [984.0, 984.0, 990.4000244140625, 983.2000122070312, 988.7000122070312], "walker_walk": [964.7357788085938, 960.6597900390625, 965.7700805664062, 954.6265258789062, 965.7902221679688]}}