{"100k": {"finger_spin": [976.8, 636.6, 792.7, 637.3, 856.9, 623.2, 796.6, 811.3, 591.7, 747.0], "cartpole_swingup": [242.45500792374088, 295.19518965082307, 288.2824146962945, 257.52136437040787, 368.5782121170305, 259.4648640592354, 263.786632126445, 258.7204474942819, 235.53554422129682, 296.7470204860552], "reacher_easy": [187.3, 62.8, 213.3, 151.6, 382.5, 625.7, 186.0, 96.0, 185.1, 161.1], "cheetah_run": [232.02126781739048, 273.0029714961952, 168.36420615334632, 267.53813742092564, 198.16327740291385, 249.56533910746262, 283.31869831179114, 257.89424152968184, 203.73265595137642, 272.18960083505124], "walker_walk": [398.60925252990785, 371.5801682554997, 430.65062984520716, 324.79732750008515, 515.801160460858, 335.1168881834235, 381.30427628954163, 450.8290541415531, 404.14734312716286, 345.91765351463135], "ball_in_cup_catch": [298.4, 344.3, 151.1, 283.4, 508.1, 164.9, 0.0, 594.1, 563.6, 476.3]}, "500k": {"finger_spin": [961.0, 983.1, 977.4, 655.6, 937.1, 981.3, 837.9, 913.3, 982.0, 914.3], "cartpole_swingup": [452.92777852070645, 789.0852012560457, 800.4883759567889, 768.626472911751, 864.1767320518645, 801.7559887461377, 709.7525490801874, 830.98068783142, 452.7918253751883, 838.6791539337476], "reacher_easy": [646.7, 482.8, 480.6, 775.1, 779.2, 582.3, 502.8, 711.1, 384.4, 668.6], "cheetah_run": [538.8612759566929, 609.0350607993822, 545.932321927671, 502.25340551276184, 534.9076368807781, 436.74338652691034, 565.7057152479309, 529.3722287651863, 583.5028550435943, 596.7253134079021], "walker_walk": [936.3627326852808, 906.3600243695663, 872.5113752190524, 784.9286417832589, 768.4631192039317, 807.4000678827342, 940.37081101336, 925.966098108058, 926.256033732776, 712.8163150925293], "ball_in_cup_catch": [842.1, 910.8, 777.9, 871.7, 811.1, 521.1, 913.3, 718.8, 931.6, 810.1]}}