{"100k": {"finger_spin": [917.4000244140624, 985.7999877929688, 959.0999755859376, 939.2999877929688, 879.0, 976.2999877929688, 978.4000244140624, 936.5999755859376, 983.7999877929688, 956.0], "cartpole_swingup": [349.71417236328125, 320.40679931640625, 341.20159912109375, 295.107177734375, 423.0875854492188, 296.5749206542969, 297.4813537597656, 307.847900390625, 266.08255004882807, 377.64093017578125], "reacher_easy": [343.29998779296875, 500.2999877929688, 477.3999938964844, 293.5, 295.6000061035156, 157.6999969482422, 359.0, 420.6000061035156, 288.5, 289.1000061035156], "cheetah_run": [340.2903747558594, 543.6838989257811, 430.7948303222656, 392.6090698242188, 308.3438720703125, 401.9241027832031, 352.4887390136719, 492.5369567871094, 421.20391845703125, 451.1157836914063], "walker_walk": [511.0186462402344, 491.91546630859375, 516.7529907226561, 544.372802734375, 503.6092834472656, 487.110595703125, 557.4317016601561, 490.1222534179688, 561.5887451171875, 625.7327880859375], "ball_in_cup_catch": [932.7999877929688, 885.7000122070312, 920.4000244140624, 930.5, 922.2999877929688, 902.5999755859376, 903.7999877929688, 905.0, 905.9000244140624, 966.5999755859376]}, "500k": {"finger_spin": [983.2000122070312, 984.7999877929688, 984.4000244140624, 979.0, 983.4000244140624, 986.7999877929688, 981.0999755859376, 983.4000244140624, 983.7999877929688, 983.5], "cartpole_swingup": [788.0487060546875, 837.3026123046875, 838.5481567382812, 794.7962036132812, 753.8251342773438, 850.0300903320312, 728.9879760742188, 835.5985107421875, 732.5096435546875, 767.67822265625], "reacher_easy": [788.5999755859375, 768.2999877929688, 589.5999755859375, 806.7000122070312, 973.0, 775.2999877929688, 910.5999755859376, 555.7000122070311, 947.0, 833.5], "cheetah_run": [681.7288818359375, 712.4335327148438, 703.3524169921875, 779.2310791015625, 727.106201171875, 678.262451171875, 600.41015625, 753.4043579101562, 707.21923828125, 726.4014892578125], "walker_walk": [962.12158203125, 954.4422607421876, 959.6160888671876, 967.0540771484376, 949.1466674804688, 943.6929931640624, 935.2841796875, 941.2034301757812, 957.2347412109376, 946.1110229492188], "ball_in_cup_catch": [970.5999755859376, 967.2999877929688, 961.9000244140624, 966.2000122070312, 961.5999755859376, 967.0, 972.5999755859376, 964.2999877929688, 970.2999877929688, 966.5]}}